url,filename,points,Abstraction,Parallelism,Logic,Synchronization,Flow control,User interactivity,Data representation,Math operators,Motion operators,DuplicateScripts,DeadCode,SpriteNaming,BackdropNaming,Error,dashboard_mode
,birdygethem.sb3,18,1,1,1,2,4,1,4,2,2,0,1,0,0,None,Default
,GAME SUMMERS TIRABASSI.sb3,Error,Error,Error,Error,Error,Error,Error,Error,Error,Error,Error,Error,Error,Error,analyzing,Default
,Cloud collectors .sb3,15,1,1,1,2,2,2,2,0,4,0,1,0,0,None,Default
,ocean climate .sb3,12,0,0,2,0,1,2,4,2,1,0,0,0,1,None,Default
,Deforestation Hailey and Remi_s Game.sb3,25,1,4,2,3,2,3,4,2,4,2,1,0,0,None,Default
,Furnace Wiz (Official Deluxe Edition).sb3,23,4,3,1,3,3,2,4,2,1,0,0,1,1,None,Default
,Co2 vs. shellfish.sb3,23,1,4,1,3,2,2,4,2,4,5,0,1,0,None,Default
,Albedo Project.sb3,18,1,1,1,1,4,2,4,2,2,2,0,1,1,None,Default
,Mariam Jenny .sb3,26,1,4,2,3,2,4,4,2,4,0,2,2,1,None,Default
,Loggers.sb3,21,1,4,1,3,4,2,4,2,0,0,0,0,3,None,Default
,Factory Game remix.sb3,22,1,4,1,3,2,2,4,2,3,0,0,0,0,None,Default
,save the polar bears.sb3,24,4,4,1,3,2,2,4,2,2,0,1,1,0,None,Default
,_Ellie and Talia Untitled-5.sb3,19,1,1,1,2,2,2,4,2,4,0,0,0,1,None,Default
,Factories Taking Over The Atmosphere.sb3,17,1,2,0,3,2,2,4,2,1,35,0,11,1,None,Default
,Yinyao Duan.sb3,17,1,1,1,0,4,2,4,1,3,0,1,3,1,None,Default
,Rebecca and Ava_s game.sb3,21,1,3,1,3,2,2,4,2,3,0,1,5,1,None,Default
,Save the Polor Bear.sb3,13,1,3,1,3,2,2,1,0,0,0,0,0,0,None,Default
,tree game.sb3,19,1,4,1,3,2,2,4,2,0,2,0,3,1,None,Default
,Untitled-2.sb3,20,1,1,2,3,2,2,4,2,3,0,1,0,1,None,Default
,Mark Jeremy.sb3,12,1,4,0,3,1,2,1,0,0,0,0,1,0,None,Default
,Water Levels-LilyStaceyHenri.sb3,Error,Error,Error,Error,Error,Error,Error,Error,Error,Error,Error,Error,Error,Error,analyzing,Default
,Scratch Trivia Game remix.sb3,18,1,4,1,2,2,2,4,2,0,2,0,2,0,None,Default
,SpAcE pOnG (1).sb3,18,3,2,1,2,2,2,4,0,2,0,1,1,0,None,Default
,"Deforestation By- Esther, Emily, Zero.sb3",25,3,4,1,3,2,2,4,2,4,0,5,4,0,None,Default
,Carbon Game.sb3,33,3,4,4,4,4,3,4,3,4,4,0,0,0,None,Default
,Carbon Annihilation.sb3,28,2,4,4,4,4,3,4,2,1,8,47,2,0,None,Default
,Leyla and Erin-3 remix remix.sb3,18,1,4,1,3,4,2,1,0,2,0,0,7,2,None,Default
,Deforestation.sb3,10,1,1,1,1,1,2,2,0,1,0,3,0,1,None,Default
,CCTD - (Climate Change Tower Defense).sb3,28,4,4,4,2,2,2,4,2,4,2,22,0,4,None,Default
,Roy_ A Life Well Lived.sb3,14,1,4,0,3,1,2,1,0,2,0,0,0,0,None,Default
,Mitigation - Elias Daniel- F Block.sb3,31,4,4,4,4,3,2,4,2,4,7,1,4,2,None,Default
,Help the Turtle!.sb3,19,1,1,1,2,2,2,4,2,4,0,1,6,0,None,Default
,Deforestation1.sb3,Error,Error,Error,Error,Error,Error,Error,Error,Error,Error,Error,Error,Error,Error,analyzing,Default
,Catch the CO2.sb3,26,1,4,4,3,2,3,4,2,3,0,0,0,0,None,Default
,Lizzy & Sydney_s Game.sb3,22,2,3,1,3,2,2,4,2,3,0,0,0,0,None,Default
,snowflake collect.sb3,20,1,2,1,2,2,2,4,2,4,0,0,0,1,None,Default
,PAPA PETEY_S PRODUCT PRODUCTIONERIA.sb3,28,1,4,4,4,2,2,4,3,4,7,5,16,14,None,Default
,Super Planty Bros (Drew and Sasha).sb3,21,3,4,1,3,2,4,1,0,3,5,10,2,0,None,Default
,Lumberjack Attack.sb3,20,1,1,1,3,1,2,4,3,4,0,1,0,1,None,Default
,Danilo and Alba Trees climate change.sb3,24,2,4,1,3,3,2,4,2,3,3,1,1,0,None,Default
,Save the Trees!.sb3,23,3,4,1,3,2,2,4,2,2,4,0,1,3,None,Default
,Carbon Run.sb3,21,4,4,1,2,2,2,2,0,4,4,0,5,1,None,Default
,Harsh Tree Why Me..sb3,11,1,1,1,0,2,2,1,0,3,0,0,1,0,None,Default
,systems from scratch (1).sb3,30,3,4,4,4,3,3,4,4,1,0,4,0,1,None,Default
,STORY.sb3,15,1,3,0,3,2,2,1,0,3,0,0,0,1,None,Default
,Molly and Alishba_s scratch science game  copy-2 copy copy copy.sb3,13,1,4,0,3,1,2,1,0,1,0,0,0,1,None,Default
,Climate Change Tetris.sb3,33,3,4,4,4,4,4,4,2,4,21,1,0,1,None,Default
,climate change highway.sb3,22,1,2,1,2,4,2,4,2,4,2,0,7,3,None,Default
,Untitled-3.sb3,17,1,4,1,2,2,2,2,0,3,0,4,6,1,None,Default
,Temperature Changes.sb3,20,1,4,1,3,2,2,4,2,1,14,1,1,0,None,Default
,Reducing carbon maze.sb3,25,1,4,1,3,2,4,4,2,4,2,0,2,2,None,Default
,Untitled.sb3,11,1,2,0,0,4,2,1,0,1,0,0,0,1,None,Default
,Co2 Collector.sb3,28,4,4,4,3,4,2,4,2,1,0,1,0,0,None,Default
,Climate Change Game (1).sb3,18,1,2,1,3,2,2,4,2,1,0,0,0,0,None,Default
,Tigran and David Game.sb3,26,1,4,4,2,2,3,4,2,4,0,0,1,2,None,Default
,Climate Change.sb3,20,1,4,1,3,2,1,4,2,2,0,2,0,1,None,Default
,Potato_s adventure.sb3,21,1,4,2,3,2,2,4,2,1,4,1,5,3,None,Default
,Save Snows and Pennys Home! (Multiplayer).sb3,Error,Error,Error,Error,Error,Error,Error,Error,Error,Error,Error,Error,Error,Error,analyzing,Default
,Allison Elizabeth-2.sb3,32,3,4,4,4,3,4,4,2,4,9,10,14,1,None,Default
,Climate Change Game-2.sb3,13,1,2,0,1,2,2,1,0,4,0,4,26,2,None,Default
,Farmer Joe_s Adventures (Annie and Josh).sb3,24,2,4,1,3,3,2,4,2,3,0,0,1,3,None,Default
,The Battle Against Radiation.sb3,16,1,4,1,3,2,2,1,0,2,0,0,0,1,None,Default
,Save the Earth.sb3,24,4,3,1,2,2,2,4,2,4,0,1,0,0,None,Default
,KARINE AND LANCE .sb3,30,3,4,4,3,4,2,4,2,4,0,1,1,4,None,Default
,Untitled (1).sb3,16,1,0,2,2,2,2,4,2,1,2,0,0,0,None,Default
,factory .sb3,23,1,4,1,3,2,2,4,2,4,2,3,0,1,None,Default
,help the polar bear.sb3,Error,Error,Error,Error,Error,Error,Error,Error,Error,Error,Error,Error,Error,Error,analyzing,Default
,STOP THOSE CARS!!!!!.sb3,25,4,3,2,2,2,2,4,3,3,0,2,0,1,None,Default
,Penguin Game .sb3,18,1,1,0,1,3,2,4,2,4,0,1,1,3,None,Default
,Plant Man IV.sb3,28,3,4,4,2,3,2,4,2,4,0,122,2,0,None,Default
,Climate Change Game (2).sb3,19,1,4,1,3,2,2,4,2,0,0,71,0,0,None,Default
,The _Fun_ Ocean Game.sb3,Error,Error,Error,Error,Error,Error,Error,Error,Error,Error,Error,Error,Error,Error,analyzing,Default
,Dont Go With The Flow.sb3,25,2,4,1,3,3,2,4,2,4,0,0,4,2,None,Default
,CAUSATION EVASION.sb3,20,1,1,2,1,3,2,4,2,4,34,2,0,1,None,Default
,ENOZO STOPPER.sb3,13,1,1,1,2,2,2,2,0,2,0,3,1,1,None,Default
,Building A House (1).sb3,21,1,4,0,3,1,2,4,3,3,5,0,1,1,None,Default
,city creator .sb3,Error,Error,Error,Error,Error,Error,Error,Error,Error,Error,Error,Error,Error,Error,analyzing,Default
,Greenite_ The Greenining.sb3,Error,Error,Error,Error,Error,Error,Error,Error,Error,Error,Error,Error,Error,Error,analyzing,Default
,Tess and Nicole mitigame.sb3,26,4,4,1,3,3,2,4,2,3,2,3,0,0,None,Default
,_.sb3,27,3,3,4,3,2,2,4,2,4,0,0,3,3,None,Default
,CO2 fr.sb3,Error,Error,Error,Error,Error,Error,Error,Error,Error,Error,Error,Error,Error,Error,analyzing,Default
,Car Game.sb3,23,1,4,1,3,2,2,4,2,4,2,1,1,0,None,Default
,Deforestation Game.sb3,Error,Error,Error,Error,Error,Error,Error,Error,Error,Error,Error,Error,Error,Error,analyzing,Default
,Global Warming.sb3,22,1,4,1,3,3,3,4,2,1,3,0,15,8,None,Default
,The Polar Bear.sb3,25,1,4,4,4,3,2,4,2,1,0,0,7,4,None,Default
,Co2 DASH.sb3,Error,Error,Error,Error,Error,Error,Error,Error,Error,Error,Error,Error,Error,Error,analyzing,Default
,Climate Change and the CO2 Succa.sb3,25,1,4,1,3,4,3,4,2,3,0,0,0,1,None,Default
,trash collect.sb3,Error,Error,Error,Error,Error,Error,Error,Error,Error,Error,Error,Error,Error,Error,analyzing,Default
,Save the penguin _).sb3,15,1,1,1,0,2,2,4,0,4,0,0,0,8,None,Default
,Carbon Clicker.sb3,24,1,4,1,2,3,3,4,2,4,0,2,0,0,None,Default
,Trees vs CO2.sb3,24,1,4,1,3,4,2,4,2,3,2,0,10,0,None,Default
,Industry Interlopers.sb3,17,1,1,1,3,2,2,4,2,1,0,0,0,1,None,Default
,Chasing CO2.sb3,20,1,1,1,4,2,1,4,2,4,0,2,0,1,None,Default
,Deflecting UV Rays.sb3,12,1,1,1,2,2,2,2,0,1,0,0,2,1,None,Default
,Fortnite.sb3,Error,Error,Error,Error,Error,Error,Error,Error,Error,Error,Error,Error,Error,Error,analyzing,Default
,Climate Change Simulation .sb3,22,1,4,1,3,1,3,4,2,3,0,1,10,1,None,Default
,Saving Antarctica.sb3,23,1,4,1,3,2,2,4,2,4,0,1,1,2,None,Default
,sean and josh.sb3,18,1,4,1,3,2,2,1,0,4,4,4,1,1,None,Default
,"CL, LL climate change game.sb3",17,1,2,1,0,2,2,4,2,3,2,0,3,0,None,Default
,Climate Change_ Taking Action.sb3,25,1,4,4,3,2,3,4,2,2,7,1,19,13,None,Default
,Christmas Chaos.sb3,23,1,4,4,3,2,2,4,3,0,0,0,0,0,None,Default
,What Should you do_.sb3,14,1,4,0,3,1,2,2,0,1,0,1,14,1,None,Default
,✨ Cow Fartopia ✨ [DEMO].sb3,20,1,2,1,3,2,2,4,2,3,0,0,2,1,None,Default
,Mitigation Game.sb3,16,1,2,1,2,2,2,4,2,0,0,0,2,1,None,Default
,capture the CO2.sb3,13,1,2,1,1,2,2,1,0,3,0,0,0,1,None,Default
,Ryan D and Weller B CC Game.sb3,25,2,3,4,2,2,2,4,2,4,2,0,2,1,None,Default
,Bikes over cars.sb3,23,2,4,1,3,2,2,4,2,3,4,0,0,0,None,Default
,Toni and Elisabeth_s Game.sb3,24,3,3,1,3,4,2,4,1,3,0,0,3,0,None,Default
,Climate Clikerz.sb3,16,1,1,1,3,2,2,4,2,0,0,0,0,0,None,Default
,climate change Co2.sb3,23,1,4,1,3,3,2,4,2,3,10,3,0,1,None,Default
,Meat Defeat!!!.sb3,24,1,4,1,3,2,3,4,2,4,0,6,9,1,None,Default
,Climate Change Project_ Saving the penguin.sb3,24,1,4,1,3,3,2,4,2,4,8,0,2,1,None,Default
,Capture the CO2 (1).sb3,19,1,1,1,2,2,2,4,2,4,0,0,5,0,None,Default
,Climate change Dari A-F.sb3,29,3,4,4,4,3,3,4,2,2,4,49,0,0,None,Default
,Untitled-2 (1).sb3,11,0,0,1,1,1,2,4,2,0,0,0,0,0,None,Default
,Eujin and Julia.sb3,Error,Error,Error,Error,Error,Error,Error,Error,Error,Error,Error,Error,Error,Error,analyzing,Default
,Co2 Clouds Game.sb3,22,1,4,1,3,2,2,4,2,3,0,0,0,0,None,Default
,Rambunctious Recycling.sb3,19,1,2,1,2,4,2,4,2,1,0,4,0,1,None,Default
,Garrett and Justin_s banger project.sb3,24,1,4,1,3,4,2,4,2,3,0,2,2,0,None,Default
,COLLECT THE CO2            .sb3,24,1,2,4,3,2,2,4,2,4,3,0,0,1,None,Default
,"Dodge, Duck and Jump.sb3",22,2,4,2,2,2,2,4,2,2,0,1,1,0,None,Default
,Earth Vs Climate change Dodge ball game.sb3,21,1,4,1,3,2,2,4,2,2,12,1,1,0,None,Default
,♥crazy cows♥.sb3,23,1,4,1,3,2,2,4,2,4,2,8,15,0,None,Default
,Climate Change Pong Finished Version.sb3,23,3,4,1,3,2,2,4,2,2,0,0,4,4,None,Default
,Atmosphere game .sb3,33,4,4,4,3,4,4,4,2,4,0,1,0,1,None,Default
,JacksonNatalieproject.sb3,26,1,4,4,3,2,2,4,2,4,0,0,2,2,None,Default
,Save The Ocean_ A Crab Game.sb3,27,1,4,1,3,4,2,4,4,4,2,4,8,1,None,Default
,climate change game.sb3,13,1,4,0,3,2,2,1,0,0,0,1,0,1,None,Default
,Reflecting Ice Project.sb3,20,1,4,1,3,2,1,4,2,2,0,0,0,0,None,Default
,TreezRKool.sb3,21,1,4,1,3,2,3,4,2,1,0,0,1,3,None,Default
,SpAcE pOnG.sb3,18,3,2,1,2,2,2,4,0,2,0,1,1,0,None,Default
,Troubled Waters.sb3,23,1,4,1,3,2,2,4,2,4,0,0,5,0,None,Default
,Hydrosphere Box Game.sb3,17,1,3,1,3,2,4,2,0,1,0,4,0,0,None,Default
,reducing co2 maze by madi and paige.sb3,17,1,1,1,3,2,2,4,2,1,0,0,0,1,None,Default
,Brick Breaker remix.sb3,22,1,1,1,3,4,2,4,2,4,0,0,0,0,None,Default
,Catch the Monkey.sb3,18,1,1,1,1,2,2,4,2,4,2,0,8,1,None,Default
,co2 emmision game .sb3,15,1,2,0,3,2,4,2,0,1,0,0,0,0,None,Default
,Hurricane Paddle.sb3,16,1,4,1,3,2,2,1,0,2,8,0,0,0,None,Default
,Co2 Game.sb3,20,1,3,4,3,2,4,2,0,1,4,4,0,0,None,Default
,Cars and co2.sb3,20,1,2,1,2,2,2,4,2,4,0,0,2,1,None,Default
,Franki and Elena_s game.sb3,Error,Error,Error,Error,Error,Error,Error,Error,Error,Error,Error,Error,Error,Error,analyzing,Default
,Kenny Michael.sb3,23,1,4,1,3,2,2,4,2,4,14,5,0,3,None,Default
,Stop Global Warming.sb3,28,1,4,4,4,3,2,4,2,4,13,0,16,3,None,Default
,Impacts on wildlife.sb3,14,1,1,1,0,2,2,4,2,1,0,0,3,1,None,Default
,Factory Game Thalia and Jehan .sb3,22,1,4,1,3,2,2,4,2,3,0,0,0,0,None,Default
,Episode (Carbon edition).sb3,28,3,4,4,3,2,2,4,2,4,0,1,16,0,None,Default
,systems from scratch.sb3,30,3,4,4,4,3,3,4,4,1,0,4,0,1,None,Default
,Reduce dat boi Co2 in the Atmosphere.sb3,Error,Error,Error,Error,Error,Error,Error,Error,Error,Error,Error,Error,Error,Error,analyzing,Default
,Chainsaw guy.sb3,24,1,4,4,3,2,2,4,2,2,2,8,3,0,None,Default
,New Science Scratch.sb3,20,1,1,1,3,2,2,4,2,4,0,0,0,0,None,Default
,THE GLOBAL WARMING game!.sb3,21,1,4,1,3,2,2,4,2,2,0,0,4,0,None,Default
,Austin & Clarence.sb3,24,3,3,4,2,2,2,4,3,1,0,0,0,1,None,Default
,Lasagna feat. Ludacris.sb3,16,1,3,1,3,3,1,1,0,3,0,2,1,0,None,Default
,Carbon Capture.sb3,17,1,1,1,0,2,2,4,2,4,0,0,0,1,None,Default
,Oxygen VS CO2-Climate Change.sb3,24,1,4,1,2,3,3,4,2,4,0,0,0,0,None,Default
,saving energy.sb3,Error,Error,Error,Error,Error,Error,Error,Error,Error,Error,Error,Error,Error,Error,analyzing,Default
,Carbon Catcher.sb3,19,1,1,1,2,2,2,4,2,4,0,0,0,0,None,Default
,Iceberg Mania (1).sb3,22,1,4,1,3,2,2,4,2,3,0,0,0,0,None,Default
,Fight the Pollution!.sb3,23,4,3,1,3,2,2,4,2,2,0,1,0,3,None,Default
,Save the City! .sb3,18,1,4,1,3,2,2,2,0,3,0,0,3,0,None,Default
,heewon and audrey.sb3,Error,Error,Error,Error,Error,Error,Error,Error,Error,Error,Error,Error,Error,Error,analyzing,Default
,Forest Defender Duo.sb3,Error,Error,Error,Error,Error,Error,Error,Error,Error,Error,Error,Error,Error,Error,analyzing,Default
,Climate change game!!!!.sb3,19,1,2,1,2,2,2,4,2,3,0,1,0,1,None,Default
,choosey choices.sb3,16,1,3,1,3,1,2,2,0,3,0,4,0,1,None,Default
,Carbon Capitalist.sb3,27,1,4,2,4,4,3,4,2,3,0,0,1,2,None,Default
,Untitled (2).sb3,11,1,2,0,0,4,2,1,0,1,0,0,0,1,None,Default
,FartMan™.sb3,17,1,1,1,3,2,2,4,2,1,0,2,0,2,None,Default
,A Day of Choices  .sb3,15,1,4,0,3,1,2,1,0,3,4,0,0,0,None,Default
,Climate Change Game (3).sb3,25,1,4,4,3,2,2,4,2,3,2,1,0,8,None,Default
,Meat Defeat!!! (1).sb3,24,1,4,1,3,2,3,4,2,4,0,6,9,1,None,Default
,Katharine and Carla_s Game.sb3,14,4,3,1,1,2,1,1,0,1,0,0,1,1,None,Default
,Daniel Scott.sb3,Error,Error,Error,Error,Error,Error,Error,Error,Error,Error,Error,Error,Error,Error,analyzing,Default
,polar blast.sb3,19,1,2,1,1,2,2,4,2,4,0,0,2,1,None,Default
,GHGs Game.sb3,24,3,4,1,3,3,3,4,2,1,2,0,2,0,None,Default
,Building A House.sb3,21,1,4,0,3,1,2,4,3,3,5,0,1,1,None,Default
,_Be Green ($) or Be Clean (environmentally speaking).sb3,17,3,4,0,2,2,2,1,0,3,2,1,0,1,None,Default
,Time Is Fuel.sb3,27,3,4,1,3,4,2,4,2,4,14,0,0,1,None,Default
,STORY (1).sb3,15,1,3,0,3,2,2,1,0,3,0,0,0,1,None,Default
,Iceberg Mania.sb3,22,1,4,1,3,2,2,4,2,3,0,0,0,0,None,Default
,Ocean CO2 .sb3,22,1,1,1,3,4,2,4,2,4,0,0,0,1,None,Default
,Carbon Catcher (1).sb3,19,1,1,1,2,2,2,4,2,4,0,0,0,0,None,Default
,Cloud Chaser.sb3,22,1,4,1,3,2,3,4,2,2,0,0,0,2,None,Default
,Cole and Ryan.sb3,26,4,4,1,2,4,4,4,2,1,0,0,8,1,None,Default
,save the ice blocks.sb3,19,1,1,1,2,2,2,4,2,4,0,0,5,0,None,Default
,Avoid the clothes.sb3,12,1,1,1,1,2,2,2,0,2,4,0,2,2,None,Default
,log jumper.sb3,14,1,1,1,2,2,2,1,0,4,0,0,1,1,None,Default
,Planet-Saving with Parker! (transportation-_strategy.sb3,26,1,4,1,3,4,4,4,2,3,0,6,8,2,None,Default
,Carbon Emmisions.sb3,18,1,4,1,3,2,2,1,0,4,0,2,1,0,None,Default
,Cycle of Consumerism.sb3,29,3,4,4,4,4,3,4,2,1,0,3,37,0,None,Default
,Save the Trees!!!.sb3,13,1,2,0,3,3,2,1,0,1,0,0,0,1,None,Default
,kill the CO2.sb3,21,4,3,1,4,2,1,2,0,4,0,0,3,1,None,Default
,Global Warming_ The Game.sb3,24,1,4,1,3,3,2,4,2,4,0,1,2,0,None,Default
,Scuba dive to save the world.sb3,19,1,4,1,3,4,2,2,0,2,0,0,9,0,None,Default
